"strain","level","pathway_count","total_gene","gene_w_variants","impact"
"BRC20067","LEVEL.1","LIPIDS (293)",293,45,"Moderate"
"BRC20067","LEVEL.1","CARBOHYDRATES (269)",269,43,"Moderate"
"BRC20067","LEVEL.1","AMINO ACIDS (210)",210,29,"Moderate"
"BRC20067","LEVEL.2","GLYCEROPHOSPHOLIPID METABOLISM (93)",93,21,"Moderate"
"BRC20067","LEVEL.3","GLYCEROPHOSPHOLIPID METABOLISM (93)",93,21,"Moderate"
"BRC20067","LEVEL.4","GLYCEROPHOSPHOLIPID METABOLISM (93)",93,21,"Moderate"
"BRC20067","LEVEL.2","AMINO SUGAR AND NUCLEOTIDE SUGAR METABOLISM (64)",64,20,"Moderate"
"BRC20067","LEVEL.3","AMINO SUGAR AND NUCLEOTIDE SUGAR METABOLISM (64)",64,20,"Moderate"
"BRC20067","LEVEL.4","AMINO SUGAR AND NUCLEOTIDE SUGAR METABOLISM (64)",64,20,"Moderate"
"BRC20067","LEVEL.1","COFACTORS AND VITAMINS (167)",167,17,"Moderate"
"BRC20067","LEVEL.1","ENERGY (136)",136,16,"Moderate"
"BRC20067","LEVEL.2","SUGARS (86)",86,15,"Moderate"
"BRC20067","LEVEL.2","CHITIN DEGRADATION (34)",34,14,"Moderate"
"BRC20067","LEVEL.3","CHITIN DEGRADATION (34)",34,14,"Moderate"
"BRC20067","LEVEL.4","CHITIN DEGRADATION (34)",34,14,"Moderate"
"BRC20067","LEVEL.2","ELECTRON TRANSPORT CHAIN (88)",88,12,"Moderate"
"BRC20067","LEVEL.2","FATTY ACID DEGRADATION (57)",57,10,"Moderate"
"BRC20067","LEVEL.3","MITOCHONDRIAL FATTY ACID DEGRADATION (37)",37,9,"Moderate"
"BRC20067","LEVEL.4","MITOCHONDRIAL FATTY ACID DEGRADATION (37)",37,9,"Moderate"
"BRC20067","LEVEL.2","AMINOACYL-TRNA BIOSYNTHESIS (39)",39,8,"Moderate"
"BRC20067","LEVEL.3","AMINOACYL-TRNA BIOSYNTHESIS (39)",39,8,"Moderate"
"BRC20067","LEVEL.4","AMINOACYL-TRNA BIOSYNTHESIS (39)",39,8,"Moderate"
"BRC20067","LEVEL.2","GUANYLATE CYCLASE (27)",27,8,"Moderate"
"BRC20067","LEVEL.3","GUANYLATE CYCLASE (27)",27,8,"Moderate"
"BRC20067","LEVEL.4","GUANYLATE CYCLASE (27)",27,8,"Moderate"
"BRC20067","LEVEL.1","NUCLEOTIDES (80)",80,8,"Moderate"
"BRC20067","LEVEL.2","ALA, ASP/ASN AND GLU/GLN METABOLISM (39)",39,7,"Moderate"
"BRC20067","LEVEL.2","ARG AND PRO METABOLISM (33)",33,7,"Moderate"
"BRC20067","LEVEL.2","COLLAGEN BIOSYNTHESIS (18)",18,7,"Moderate"
"BRC20067","LEVEL.3","COLLAGEN BIOSYNTHESIS (18)",18,7,"Moderate"
"BRC20067","LEVEL.4","COLLAGEN BIOSYNTHESIS (18)",18,7,"Moderate"
"BRC20067","LEVEL.2","GLYCEROLIPID METABOLISM (39)",39,7,"Moderate"
"BRC20067","LEVEL.3","GLYCEROLIPID METABOLISM (39)",39,7,"Moderate"
"BRC20067","LEVEL.4","GLYCEROLIPID METABOLISM (39)",39,7,"Moderate"
"BRC20067","LEVEL.2","RIBOFLAVIN METABOLISM (26)",26,7,"Moderate"
"BRC20067","LEVEL.3","RIBOFLAVIN METABOLISM (26)",26,7,"Moderate"
"BRC20067","LEVEL.4","RIBOFLAVIN METABOLISM (26)",26,7,"Moderate"
"BRC20067","LEVEL.2","CYS AND MET METABOLISM (51)",51,6,"Moderate"
"BRC20067","LEVEL.3","ETC-COMPLEX I (40)",40,6,"Moderate"
"BRC20067","LEVEL.4","ETC-COMPLEX I (40)",40,6,"Moderate"
"BRC20067","LEVEL.3","N-GLYCAN BIOSYNTHESIS (38)",38,6,"Moderate"
"BRC20067","LEVEL.4","N-GLYCAN BIOSYNTHESIS (38)",38,6,"Moderate"
"BRC20067","LEVEL.2","TRYPTOPHAN DEGRADATION (30)",30,6,"Moderate"
"BRC20067","LEVEL.3","TRYPTOPHAN DEGRADATION (30)",30,6,"Moderate"
"BRC20067","LEVEL.4","TRYPTOPHAN DEGRADATION (30)",30,6,"Moderate"
"BRC20067","LEVEL.2","BRANCHED-CHAIN AMINO ACID DEGRADATION (37)",37,5,"Moderate"
"BRC20067","LEVEL.3","CYSTEINE METABOLISM (38)",38,5,"Moderate"
"BRC20067","LEVEL.4","CYSTEINE METABOLISM (38)",38,5,"Moderate"
"BRC20067","LEVEL.2","ETHER LIPID METABOLISM (30)",30,5,"Moderate"
"BRC20067","LEVEL.3","ETHER LIPID METABOLISM (30)",30,5,"Moderate"
"BRC20067","LEVEL.4","ETHER LIPID METABOLISM (30)",30,5,"Moderate"
"BRC20067","LEVEL.2","GLYCOLYSIS/GLUCONEOGENESIS (46)",46,5,"Moderate"
"BRC20067","LEVEL.3","GLYCOLYSIS/GLUCONEOGENESIS (46)",46,5,"Moderate"
"BRC20067","LEVEL.4","GLYCOLYSIS/GLUCONEOGENESIS (46)",46,5,"Moderate"
"BRC20067","LEVEL.2","PURINE METABOLISM (55)",55,5,"Moderate"
"BRC20067","LEVEL.3","PURINE METABOLISM (55)",55,5,"Moderate"
"BRC20067","LEVEL.4","PURINE METABOLISM (55)",55,5,"Moderate"
"BRC20067","LEVEL.2","SPHINGOLIPID METABOLISM (45)",45,5,"Moderate"
"BRC20067","LEVEL.3","SPHINGOLIPID METABOLISM (45)",45,5,"Moderate"
"BRC20067","LEVEL.4","SPHINGOLIPID METABOLISM (45)",45,5,"Moderate"
"BRC20067","LEVEL.3","ARGININE METABOLISM (23)",23,4,"Moderate"
"BRC20067","LEVEL.4","ARGININE METABOLISM (23)",23,4,"Moderate"
"BRC20067","LEVEL.3","GALACTOSE METABOLISM (10)",10,4,"Moderate"
"BRC20067","LEVEL.4","GALACTOSE METABOLISM (10)",10,4,"Moderate"
"BRC20067","LEVEL.2","INOSITOL PHOSPHATE METABOLISM (35)",35,4,"Moderate"
"BRC20067","LEVEL.3","INOSITOL PHOSPHATE METABOLISM (35)",35,4,"Moderate"
"BRC20067","LEVEL.4","INOSITOL PHOSPHATE METABOLISM (35)",35,4,"Moderate"
"BRC20067","LEVEL.3","PROPIONATE DEGRADATION (21)",21,4,"Moderate"
"BRC20067","LEVEL.1","REACTIVE OXYGEN SPECIES (36)",36,4,"Moderate"
"BRC20067","LEVEL.2","SHORT CHAIN FATTY ACID DEGRADATION (21)",21,4,"Moderate"
"BRC20067","LEVEL.3","STARCH AND SUCROSE METABOLISM (27)",27,4,"Moderate"
"BRC20067","LEVEL.4","STARCH AND SUCROSE METABOLISM (27)",27,4,"Moderate"
"BRC20067","LEVEL.2","TYROSINE METABOLISM (24)",24,4,"Moderate"
"BRC20067","LEVEL.3","TYROSINE METABOLISM (24)",24,4,"Moderate"
"BRC20067","LEVEL.4","TYROSINE METABOLISM (24)",24,4,"Moderate"
"BRC20067","LEVEL.1","AMINO ACIDS (210)",210,3,"High"
"BRC20067","LEVEL.3","ASPARTATE/ASPARAGINE METABOLISM (13)",13,3,"Moderate"
"BRC20067","LEVEL.4","ASPARTATE/ASPARAGINE METABOLISM (13)",13,3,"Moderate"
"BRC20067","LEVEL.3","BIOSYNTHESIS OF BILE ACID-LIKE MOLECULES (33)",33,3,"Moderate"
"BRC20067","LEVEL.4","BIOSYNTHESIS OF BILE ACID-LIKE MOLECULES (33)",33,3,"Moderate"
"BRC20067","LEVEL.3","ETC-COMPLEX V (18)",18,3,"Moderate"
"BRC20067","LEVEL.4","ETC-COMPLEX V (18)",18,3,"Moderate"
"BRC20067","LEVEL.2","FATTY ACID BIOSYNTHESIS (43)",43,3,"Moderate"
"BRC20067","LEVEL.3","FATTY ACID BIOSYNTHESIS (43)",43,3,"Moderate"
"BRC20067","LEVEL.3","GLUTAMATE/GLUTAMINE METABOLISM (21)",21,3,"Moderate"
"BRC20067","LEVEL.4","GLUTAMATE/GLUTAMINE METABOLISM (21)",21,3,"Moderate"
"BRC20067","LEVEL.2","GLUTATHIONE METABOLISM (24)",24,3,"Moderate"
"BRC20067","LEVEL.3","GLUTATHIONE METABOLISM (24)",24,3,"Moderate"
"BRC20067","LEVEL.4","GLUTATHIONE METABOLISM (24)",24,3,"Moderate"
"BRC20067","LEVEL.2","GLY, SER AND THR METABOLISM (32)",32,3,"Moderate"
"BRC20067","LEVEL.3","GLYCINE AND THREONINE METABOLISM (20)",20,3,"Moderate"
"BRC20067","LEVEL.3","ISOLEUCINE DEGRADATION (26)",26,3,"Moderate"
"BRC20067","LEVEL.4","ISOLEUCINE DEGRADATION (26)",26,3,"Moderate"
"BRC20067","LEVEL.2","ORGANIC ACIDS (21)",21,3,"Moderate"
"BRC20067","LEVEL.1","OTHER AMINO ACIDS (27)",27,3,"Moderate"
"BRC20067","LEVEL.2","PENTOSE PHOSPHATE PATHWAY (19)",19,3,"Moderate"
"BRC20067","LEVEL.3","PENTOSE PHOSPHATE PATHWAY (19)",19,3,"Moderate"
"BRC20067","LEVEL.4","PENTOSE PHOSPHATE PATHWAY (19)",19,3,"Moderate"
"BRC20067","LEVEL.3","PROLINE METABOLISM (14)",14,3,"Moderate"
"BRC20067","LEVEL.4","PROLINE METABOLISM (14)",14,3,"Moderate"
"BRC20067","LEVEL.4","PROPIONATE DEGRADATION OTHER (12)",12,3,"Moderate"
"BRC20067","LEVEL.2","PYRIMIDINE METABOLISM (42)",42,3,"Moderate"
"BRC20067","LEVEL.3","PYRIMIDINE METABOLISM (42)",42,3,"Moderate"
"BRC20067","LEVEL.4","PYRIMIDINE METABOLISM (42)",42,3,"Moderate"
"BRC20067","LEVEL.3","PYRUVATE METABOLISM (16)",16,3,"Moderate"
"BRC20067","LEVEL.4","PYRUVATE METABOLISM (16)",16,3,"Moderate"
"BRC20067","LEVEL.2","RETINOL METABOLISM (79)",79,3,"Moderate"
"BRC20067","LEVEL.3","RETINOL METABOLISM (79)",79,3,"Moderate"
"BRC20067","LEVEL.4","RETINOL METABOLISM (79)",79,3,"Moderate"
"BRC20067","LEVEL.2","SELENOCOMPOUND METABOLISM (20)",20,3,"Moderate"
"BRC20067","LEVEL.3","SELENOCOMPOUND METABOLISM (20)",20,3,"Moderate"
"BRC20067","LEVEL.4","SELENOCOMPOUND METABOLISM (20)",20,3,"Moderate"
"BRC20067","LEVEL.2","STEROID METABOLISM (35)",35,3,"Moderate"
"BRC20067","LEVEL.2","UBIQUINONE METABOLISM (11)",11,3,"Moderate"
"BRC20067","LEVEL.3","UBIQUINONE METABOLISM (11)",11,3,"Moderate"
"BRC20067","LEVEL.4","UBIQUINONE METABOLISM (11)",11,3,"Moderate"
"BRC20067","LEVEL.3","VALINE DEGRADATION (29)",29,3,"Moderate"
"BRC20067","LEVEL.4","VALINE DEGRADATION (29)",29,3,"Moderate"
"BRC20067","LEVEL.1","COFACTORS AND VITAMINS (167)",167,2,"High"
"BRC20067","LEVEL.2","CYS AND MET METABOLISM (51)",51,2,"High"
"BRC20067","LEVEL.1","LIPIDS (293)",293,2,"High"
"BRC20067","LEVEL.3","ALANINE METABOLISM (12)",12,2,"Moderate"
"BRC20067","LEVEL.4","ALANINE METABOLISM (12)",12,2,"Moderate"
"BRC20067","LEVEL.2","ASCAROSIDE BIOSYNTHESIS (12)",12,2,"Moderate"
"BRC20067","LEVEL.3","ASCAROSIDE BIOSYNTHESIS (12)",12,2,"Moderate"
"BRC20067","LEVEL.4","ASCAROSIDE BIOSYNTHESIS (12)",12,2,"Moderate"
"BRC20067","LEVEL.3","ETC-COMPLEX III (13)",13,2,"Moderate"
"BRC20067","LEVEL.4","ETC-COMPLEX III (13)",13,2,"Moderate"
"BRC20067","LEVEL.2","FOLATE CYCLE (17)",17,2,"Moderate"
"BRC20067","LEVEL.3","FOLATE CYCLE (17)",17,2,"Moderate"
"BRC20067","LEVEL.4","FOLATE CYCLE (17)",17,2,"Moderate"
"BRC20067","LEVEL.4","GLYCINE AND THREONINE METABOLISM OTHER (15)",15,2,"Moderate"
"BRC20067","LEVEL.2","HISTIDINE DEGRADATION (9)",9,2,"Moderate"
"BRC20067","LEVEL.3","HISTIDINE DEGRADATION (9)",9,2,"Moderate"
"BRC20067","LEVEL.4","HISTIDINE DEGRADATION (9)",9,2,"Moderate"
"BRC20067","LEVEL.2","KETONE BODY METABOLISM (14)",14,2,"Moderate"
"BRC20067","LEVEL.3","KETONE BODY METABOLISM (14)",14,2,"Moderate"
"BRC20067","LEVEL.4","KETONE BODY METABOLISM (14)",14,2,"Moderate"
"BRC20067","LEVEL.3","LEUCINE DEGRADATION (12)",12,2,"Moderate"
"BRC20067","LEVEL.4","LEUCINE DEGRADATION (12)",12,2,"Moderate"
"BRC20067","LEVEL.2","LYSINE DEGRADATION (16)",16,2,"Moderate"
"BRC20067","LEVEL.3","LYSINE DEGRADATION (16)",16,2,"Moderate"
"BRC20067","LEVEL.4","LYSINE DEGRADATION (16)",16,2,"Moderate"
"BRC20067","LEVEL.4","MUFA BIOSYNTHESIS (15)",15,2,"Moderate"
"BRC20067","LEVEL.1","ONE CARBON CYCLE (28)",28,2,"Moderate"
"BRC20067","LEVEL.2","PENTOSE AND GLUCURONATE INTERCONVERSIONS (77)",77,2,"Moderate"
"BRC20067","LEVEL.3","PENTOSE AND GLUCURONATE INTERCONVERSIONS (77)",77,2,"Moderate"
"BRC20067","LEVEL.4","PENTOSE AND GLUCURONATE INTERCONVERSIONS (77)",77,2,"Moderate"
"BRC20067","LEVEL.2","PORPHYRIN METABOLISM (70)",70,2,"Moderate"
"BRC20067","LEVEL.3","PORPHYRIN METABOLISM (70)",70,2,"Moderate"
"BRC20067","LEVEL.4","PORPHYRIN METABOLISM (70)",70,2,"Moderate"
"BRC20067","LEVEL.4","PUFA BIOSYNTHESIS (9)",9,2,"Moderate"
"BRC20067","LEVEL.2","SULFUR METABOLISM (22)",22,2,"Moderate"
"BRC20067","LEVEL.3","SULFUR METABOLISM (22)",22,2,"Moderate"
"BRC20067","LEVEL.4","SULFUR METABOLISM (22)",22,2,"Moderate"
"BRC20067","LEVEL.2","VACUOLAR ATP-ASE (20)",20,2,"Moderate"
"BRC20067","LEVEL.3","VACUOLAR ATP-ASE (20)",20,2,"Moderate"
"BRC20067","LEVEL.4","VACUOLAR ATP-ASE (20)",20,2,"Moderate"
"BRC20067","LEVEL.2","ARG AND PRO METABOLISM (33)",33,1,"High"
"BRC20067","LEVEL.3","ARGININE METABOLISM (23)",23,1,"High"
"BRC20067","LEVEL.4","ARGININE METABOLISM (23)",23,1,"High"
"BRC20067","LEVEL.1","CARBOHYDRATES (269)",269,1,"High"
"BRC20067","LEVEL.3","CYSTEINE METABOLISM (38)",38,1,"High"
"BRC20067","LEVEL.4","CYSTEINE METABOLISM (38)",38,1,"High"
"BRC20067","LEVEL.1","ENERGY (136)",136,1,"High"
"BRC20067","LEVEL.2","GLYCEROPHOSPHOLIPID METABOLISM (93)",93,1,"High"
"BRC20067","LEVEL.3","GLYCEROPHOSPHOLIPID METABOLISM (93)",93,1,"High"
"BRC20067","LEVEL.4","GLYCEROPHOSPHOLIPID METABOLISM (93)",93,1,"High"
"BRC20067","LEVEL.3","METHIONINE METABOLISM (13)",13,1,"High"
"BRC20067","LEVEL.4","METHIONINE SALVAGE (13)",13,1,"High"
"BRC20067","LEVEL.2","PENTOSE AND GLUCURONATE INTERCONVERSIONS (77)",77,1,"High"
"BRC20067","LEVEL.3","PENTOSE AND GLUCURONATE INTERCONVERSIONS (77)",77,1,"High"
"BRC20067","LEVEL.4","PENTOSE AND GLUCURONATE INTERCONVERSIONS (77)",77,1,"High"
"BRC20067","LEVEL.2","PORPHYRIN METABOLISM (70)",70,1,"High"
"BRC20067","LEVEL.3","PORPHYRIN METABOLISM (70)",70,1,"High"
"BRC20067","LEVEL.4","PORPHYRIN METABOLISM (70)",70,1,"High"
"BRC20067","LEVEL.2","RETINOL METABOLISM (79)",79,1,"High"
"BRC20067","LEVEL.3","RETINOL METABOLISM (79)",79,1,"High"
"BRC20067","LEVEL.4","RETINOL METABOLISM (79)",79,1,"High"
"BRC20067","LEVEL.2","RIBOFLAVIN METABOLISM (26)",26,1,"High"
"BRC20067","LEVEL.3","RIBOFLAVIN METABOLISM (26)",26,1,"High"
"BRC20067","LEVEL.4","RIBOFLAVIN METABOLISM (26)",26,1,"High"
"BRC20067","LEVEL.2","SPHINGOLIPID METABOLISM (45)",45,1,"High"
"BRC20067","LEVEL.3","SPHINGOLIPID METABOLISM (45)",45,1,"High"
"BRC20067","LEVEL.4","SPHINGOLIPID METABOLISM (45)",45,1,"High"
"BRC20067","LEVEL.2","SULFUR METABOLISM (22)",22,1,"High"
"BRC20067","LEVEL.3","SULFUR METABOLISM (22)",22,1,"High"
"BRC20067","LEVEL.4","SULFUR METABOLISM (22)",22,1,"High"
"BRC20067","LEVEL.2","UGT ENZYME (67)",67,1,"High"
"BRC20067","LEVEL.3","UGT ENZYME (67)",67,1,"High"
"BRC20067","LEVEL.4","UGT ENZYME (67)",67,1,"High"
"BRC20067","LEVEL.4","BCFA BIOSYNTHESIS (6)",6,1,"Moderate"
"BRC20067","LEVEL.2","ELECTRON TRANSFER FLAVOPROTEIN (3)",3,1,"Moderate"
"BRC20067","LEVEL.3","ELECTRON TRANSFER FLAVOPROTEIN (3)",3,1,"Moderate"
"BRC20067","LEVEL.4","ELECTRON TRANSFER FLAVOPROTEIN (3)",3,1,"Moderate"
"BRC20067","LEVEL.3","ETC-COMPLEX IV (14)",14,1,"Moderate"
"BRC20067","LEVEL.4","ETC-COMPLEX IV (14)",14,1,"Moderate"
"BRC20067","LEVEL.4","FATTY ACID BIOSYNTHESIS OTHER (25)",25,1,"Moderate"
"BRC20067","LEVEL.2","FOLATE BIOSYNTHESIS (8)",8,1,"Moderate"
"BRC20067","LEVEL.3","FOLATE BIOSYNTHESIS (8)",8,1,"Moderate"
"BRC20067","LEVEL.4","FOLATE BIOSYNTHESIS (8)",8,1,"Moderate"
"BRC20067","LEVEL.3","FRUCTOSE AND MANNOSE METABOLISM (19)",19,1,"Moderate"
"BRC20067","LEVEL.4","FRUCTOSE AND MANNOSE METABOLISM (19)",19,1,"Moderate"
"BRC20067","LEVEL.4","GLYCINE CLEAVAGE SYSTEM (5)",5,1,"Moderate"
"BRC20067","LEVEL.2","IRON METABOLISM (9)",9,1,"Moderate"
"BRC20067","LEVEL.3","IRON METABOLISM (9)",9,1,"Moderate"
"BRC20067","LEVEL.4","IRON METABOLISM (9)",9,1,"Moderate"
"BRC20067","LEVEL.3","METHIONINE METABOLISM (13)",13,1,"Moderate"
"BRC20067","LEVEL.4","METHIONINE SALVAGE (13)",13,1,"Moderate"
"BRC20067","LEVEL.2","METHYLGLYOXAL DETOXIFICATION (7)",7,1,"Moderate"
"BRC20067","LEVEL.3","METHYLGLYOXAL DETOXIFICATION (7)",7,1,"Moderate"
"BRC20067","LEVEL.4","METHYLGLYOXAL DETOXIFICATION (7)",7,1,"Moderate"
"BRC20067","LEVEL.2","MEVALONATE METABOLISM (8)",8,1,"Moderate"
"BRC20067","LEVEL.3","MEVALONATE METABOLISM (8)",8,1,"Moderate"
"BRC20067","LEVEL.4","MEVALONATE METABOLISM (8)",8,1,"Moderate"
"BRC20067","LEVEL.2","NICOTINATE AND NICOTINAMIDE METABOLISM (25)",25,1,"Moderate"
"BRC20067","LEVEL.3","NICOTINATE AND NICOTINAMIDE METABOLISM (25)",25,1,"Moderate"
"BRC20067","LEVEL.4","NICOTINATE AND NICOTINAMIDE METABOLISM (25)",25,1,"Moderate"
"BRC20067","LEVEL.3","PEROXISOMAL FATTY ACID DEGRADATION (12)",12,1,"Moderate"
"BRC20067","LEVEL.4","PEROXISOMAL FATTY ACID DEGRADATION (12)",12,1,"Moderate"
"BRC20067","LEVEL.2","PHENYLALANINE DEGRADATION (10)",10,1,"Moderate"
"BRC20067","LEVEL.3","PHENYLALANINE DEGRADATION (10)",10,1,"Moderate"
"BRC20067","LEVEL.4","PHENYLALANINE DEGRADATION (10)",10,1,"Moderate"
"BRC20067","LEVEL.4","PROPIONATE DEGRADATION CANONICAL (4)",4,1,"Moderate"
"BRC20067","LEVEL.2","ROS METABOLISM (13)",13,1,"Moderate"
"BRC20067","LEVEL.3","ROS METABOLISM (13)",13,1,"Moderate"
"BRC20067","LEVEL.4","ROS METABOLISM (13)",13,1,"Moderate"
"BRC20067","LEVEL.2","TRICARBOXYLIC ACID CYCLE (30)",30,1,"Moderate"
"BRC20067","LEVEL.3","TRICARBOXYLIC ACID CYCLE (30)",30,1,"Moderate"
"BRC20067","LEVEL.4","TRICARBOXYLIC ACID CYCLE (30)",30,1,"Moderate"
"BRC20067","LEVEL.2","UGT ENZYME (67)",67,1,"Moderate"
"BRC20067","LEVEL.3","UGT ENZYME (67)",67,1,"Moderate"
"BRC20067","LEVEL.4","UGT ENZYME (67)",67,1,"Moderate"
"BRC20067","LEVEL.2","VITAMIN B12 METABOLISM (3)",3,1,"Moderate"
"BRC20067","LEVEL.3","VITAMIN B12 METABOLISM (3)",3,1,"Moderate"
"BRC20067","LEVEL.4","VITAMIN B12 METABOLISM (3)",3,1,"Moderate"
"CB4856","LEVEL.1","CARBOHYDRATES (269)",269,96,"Moderate"
"CB4856","LEVEL.1","LIPIDS (293)",293,91,"Moderate"
"CB4856","LEVEL.1","AMINO ACIDS (210)",210,58,"Moderate"
"CB4856","LEVEL.1","COFACTORS AND VITAMINS (167)",167,46,"Moderate"
"CB4856","LEVEL.2","SUGARS (86)",86,33,"Moderate"
"CB4856","LEVEL.2","AMINO SUGAR AND NUCLEOTIDE SUGAR METABOLISM (64)",64,27,"Moderate"
"CB4856","LEVEL.3","AMINO SUGAR AND NUCLEOTIDE SUGAR METABOLISM (64)",64,27,"Moderate"
"CB4856","LEVEL.4","AMINO SUGAR AND NUCLEOTIDE SUGAR METABOLISM (64)",64,27,"Moderate"
"CB4856","LEVEL.2","GLYCEROPHOSPHOLIPID METABOLISM (93)",93,27,"Moderate"
"CB4856","LEVEL.3","GLYCEROPHOSPHOLIPID METABOLISM (93)",93,27,"Moderate"
"CB4856","LEVEL.4","GLYCEROPHOSPHOLIPID METABOLISM (93)",93,27,"Moderate"
"CB4856","LEVEL.2","PENTOSE AND GLUCURONATE INTERCONVERSIONS (77)",77,23,"Moderate"
"CB4856","LEVEL.3","PENTOSE AND GLUCURONATE INTERCONVERSIONS (77)",77,23,"Moderate"
"CB4856","LEVEL.4","PENTOSE AND GLUCURONATE INTERCONVERSIONS (77)",77,23,"Moderate"
"CB4856","LEVEL.2","PORPHYRIN METABOLISM (70)",70,23,"Moderate"
"CB4856","LEVEL.3","PORPHYRIN METABOLISM (70)",70,23,"Moderate"
"CB4856","LEVEL.4","PORPHYRIN METABOLISM (70)",70,23,"Moderate"
"CB4856","LEVEL.2","RETINOL METABOLISM (79)",79,23,"Moderate"
"CB4856","LEVEL.3","RETINOL METABOLISM (79)",79,23,"Moderate"
"CB4856","LEVEL.4","RETINOL METABOLISM (79)",79,23,"Moderate"
"CB4856","LEVEL.1","ENERGY (136)",136,22,"Moderate"
"CB4856","LEVEL.2","FATTY ACID DEGRADATION (57)",57,22,"Moderate"
"CB4856","LEVEL.2","UGT ENZYME (67)",67,22,"Moderate"
"CB4856","LEVEL.3","UGT ENZYME (67)",67,22,"Moderate"
"CB4856","LEVEL.4","UGT ENZYME (67)",67,22,"Moderate"
"CB4856","LEVEL.2","SPHINGOLIPID METABOLISM (45)",45,18,"Moderate"
"CB4856","LEVEL.3","SPHINGOLIPID METABOLISM (45)",45,18,"Moderate"
"CB4856","LEVEL.4","SPHINGOLIPID METABOLISM (45)",45,18,"Moderate"
"CB4856","LEVEL.3","N-GLYCAN BIOSYNTHESIS (38)",38,17,"Moderate"
"CB4856","LEVEL.4","N-GLYCAN BIOSYNTHESIS (38)",38,17,"Moderate"
"CB4856","LEVEL.2","CHITIN DEGRADATION (34)",34,16,"Moderate"
"CB4856","LEVEL.3","CHITIN DEGRADATION (34)",34,16,"Moderate"
"CB4856","LEVEL.4","CHITIN DEGRADATION (34)",34,16,"Moderate"
"CB4856","LEVEL.1","NUCLEOTIDES (80)",80,16,"Moderate"
"CB4856","LEVEL.2","AMINOACYL-TRNA BIOSYNTHESIS (39)",39,15,"Moderate"
"CB4856","LEVEL.3","AMINOACYL-TRNA BIOSYNTHESIS (39)",39,15,"Moderate"
"CB4856","LEVEL.4","AMINOACYL-TRNA BIOSYNTHESIS (39)",39,15,"Moderate"
"CB4856","LEVEL.2","ARG AND PRO METABOLISM (33)",33,15,"Moderate"
"CB4856","LEVEL.2","GLYCOLYSIS/GLUCONEOGENESIS (46)",46,15,"Moderate"
"CB4856","LEVEL.3","GLYCOLYSIS/GLUCONEOGENESIS (46)",46,15,"Moderate"
"CB4856","LEVEL.4","GLYCOLYSIS/GLUCONEOGENESIS (46)",46,15,"Moderate"
"CB4856","LEVEL.2","GUANYLATE CYCLASE (27)",27,15,"Moderate"
"CB4856","LEVEL.3","GUANYLATE CYCLASE (27)",27,15,"Moderate"
"CB4856","LEVEL.4","GUANYLATE CYCLASE (27)",27,15,"Moderate"
"CB4856","LEVEL.2","GLYCEROLIPID METABOLISM (39)",39,14,"Moderate"
"CB4856","LEVEL.3","GLYCEROLIPID METABOLISM (39)",39,14,"Moderate"
"CB4856","LEVEL.4","GLYCEROLIPID METABOLISM (39)",39,14,"Moderate"
"CB4856","LEVEL.2","CYS AND MET METABOLISM (51)",51,13,"Moderate"
"CB4856","LEVEL.2","ELECTRON TRANSPORT CHAIN (88)",88,13,"Moderate"
"CB4856","LEVEL.2","FATTY ACID BIOSYNTHESIS (43)",43,13,"Moderate"
"CB4856","LEVEL.3","FATTY ACID BIOSYNTHESIS (43)",43,13,"Moderate"
"CB4856","LEVEL.1","OTHER AMINO ACIDS (27)",27,13,"Moderate"
"CB4856","LEVEL.3","MITOCHONDRIAL FATTY ACID DEGRADATION (37)",37,12,"Moderate"
"CB4856","LEVEL.4","MITOCHONDRIAL FATTY ACID DEGRADATION (37)",37,12,"Moderate"
"CB4856","LEVEL.2","PURINE METABOLISM (55)",55,11,"Moderate"
"CB4856","LEVEL.3","PURINE METABOLISM (55)",55,11,"Moderate"
"CB4856","LEVEL.4","PURINE METABOLISM (55)",55,11,"Moderate"
"CB4856","LEVEL.1","REACTIVE OXYGEN SPECIES (36)",36,11,"Moderate"
"CB4856","LEVEL.2","STEROID METABOLISM (35)",35,11,"Moderate"
"CB4856","LEVEL.3","ARGININE METABOLISM (23)",23,10,"Moderate"
"CB4856","LEVEL.4","ARGININE METABOLISM (23)",23,10,"Moderate"
"CB4856","LEVEL.3","BIOSYNTHESIS OF BILE ACID-LIKE MOLECULES (33)",33,10,"Moderate"
"CB4856","LEVEL.4","BIOSYNTHESIS OF BILE ACID-LIKE MOLECULES (33)",33,10,"Moderate"
"CB4856","LEVEL.2","BRANCHED-CHAIN AMINO ACID DEGRADATION (37)",37,10,"Moderate"
"CB4856","LEVEL.3","CYSTEINE METABOLISM (38)",38,10,"Moderate"
"CB4856","LEVEL.4","CYSTEINE METABOLISM (38)",38,10,"Moderate"
"CB4856","LEVEL.2","GLUTATHIONE METABOLISM (24)",24,10,"Moderate"
"CB4856","LEVEL.3","GLUTATHIONE METABOLISM (24)",24,10,"Moderate"
"CB4856","LEVEL.4","GLUTATHIONE METABOLISM (24)",24,10,"Moderate"
"CB4856","LEVEL.2","INOSITOL PHOSPHATE METABOLISM (35)",35,10,"Moderate"
"CB4856","LEVEL.3","INOSITOL PHOSPHATE METABOLISM (35)",35,10,"Moderate"
"CB4856","LEVEL.4","INOSITOL PHOSPHATE METABOLISM (35)",35,10,"Moderate"
"CB4856","LEVEL.2","SELENOCOMPOUND METABOLISM (20)",20,10,"Moderate"
"CB4856","LEVEL.3","SELENOCOMPOUND METABOLISM (20)",20,10,"Moderate"
"CB4856","LEVEL.4","SELENOCOMPOUND METABOLISM (20)",20,10,"Moderate"
"CB4856","LEVEL.2","ALA, ASP/ASN AND GLU/GLN METABOLISM (39)",39,9,"Moderate"
"CB4856","LEVEL.2","COLLAGEN BIOSYNTHESIS (18)",18,9,"Moderate"
"CB4856","LEVEL.3","COLLAGEN BIOSYNTHESIS (18)",18,9,"Moderate"
"CB4856","LEVEL.4","COLLAGEN BIOSYNTHESIS (18)",18,9,"Moderate"
"CB4856","LEVEL.4","FATTY ACID BIOSYNTHESIS OTHER (25)",25,9,"Moderate"
"CB4856","LEVEL.3","GALACTOSE METABOLISM (10)",10,9,"Moderate"
"CB4856","LEVEL.4","GALACTOSE METABOLISM (10)",10,9,"Moderate"
"CB4856","LEVEL.2","RIBOFLAVIN METABOLISM (26)",26,9,"Moderate"
"CB4856","LEVEL.3","RIBOFLAVIN METABOLISM (26)",26,9,"Moderate"
"CB4856","LEVEL.4","RIBOFLAVIN METABOLISM (26)",26,9,"Moderate"
"CB4856","LEVEL.3","STARCH AND SUCROSE METABOLISM (27)",27,9,"Moderate"
"CB4856","LEVEL.4","STARCH AND SUCROSE METABOLISM (27)",27,9,"Moderate"
"CB4856","LEVEL.2","GLY, SER AND THR METABOLISM (32)",32,8,"Moderate"
"CB4856","LEVEL.2","TYROSINE METABOLISM (24)",24,8,"Moderate"
"CB4856","LEVEL.3","TYROSINE METABOLISM (24)",24,8,"Moderate"
"CB4856","LEVEL.4","TYROSINE METABOLISM (24)",24,8,"Moderate"
"CB4856","LEVEL.1","COFACTORS AND VITAMINS (167)",167,7,"High"
"CB4856","LEVEL.2","NICOTINATE AND NICOTINAMIDE METABOLISM (25)",25,7,"Moderate"
"CB4856","LEVEL.3","NICOTINATE AND NICOTINAMIDE METABOLISM (25)",25,7,"Moderate"
"CB4856","LEVEL.4","NICOTINATE AND NICOTINAMIDE METABOLISM (25)",25,7,"Moderate"
"CB4856","LEVEL.2","ORGANIC ACIDS (21)",21,7,"Moderate"
"CB4856","LEVEL.2","TRYPTOPHAN DEGRADATION (30)",30,7,"Moderate"
"CB4856","LEVEL.3","TRYPTOPHAN DEGRADATION (30)",30,7,"Moderate"
"CB4856","LEVEL.4","TRYPTOPHAN DEGRADATION (30)",30,7,"Moderate"
"CB4856","LEVEL.3","VALINE DEGRADATION (29)",29,7,"Moderate"
"CB4856","LEVEL.4","VALINE DEGRADATION (29)",29,7,"Moderate"
"CB4856","LEVEL.1","CARBOHYDRATES (269)",269,6,"High"
"CB4856","LEVEL.2","ETHER LIPID METABOLISM (30)",30,6,"Moderate"
"CB4856","LEVEL.3","ETHER LIPID METABOLISM (30)",30,6,"Moderate"
"CB4856","LEVEL.4","ETHER LIPID METABOLISM (30)",30,6,"Moderate"
"CB4856","LEVEL.3","ISOLEUCINE DEGRADATION (26)",26,6,"Moderate"
"CB4856","LEVEL.4","ISOLEUCINE DEGRADATION (26)",26,6,"Moderate"
"CB4856","LEVEL.3","PEROXISOMAL FATTY ACID DEGRADATION (12)",12,6,"Moderate"
"CB4856","LEVEL.4","PEROXISOMAL FATTY ACID DEGRADATION (12)",12,6,"Moderate"
"CB4856","LEVEL.3","PROLINE METABOLISM (14)",14,6,"Moderate"
"CB4856","LEVEL.4","PROLINE METABOLISM (14)",14,6,"Moderate"
"CB4856","LEVEL.3","PYRUVATE METABOLISM (16)",16,6,"Moderate"
"CB4856","LEVEL.4","PYRUVATE METABOLISM (16)",16,6,"Moderate"
"CB4856","LEVEL.2","PENTOSE AND GLUCURONATE INTERCONVERSIONS (77)",77,5,"High"
"CB4856","LEVEL.3","PENTOSE AND GLUCURONATE INTERCONVERSIONS (77)",77,5,"High"
"CB4856","LEVEL.4","PENTOSE AND GLUCURONATE INTERCONVERSIONS (77)",77,5,"High"
"CB4856","LEVEL.2","PORPHYRIN METABOLISM (70)",70,5,"High"
"CB4856","LEVEL.3","PORPHYRIN METABOLISM (70)",70,5,"High"
"CB4856","LEVEL.4","PORPHYRIN METABOLISM (70)",70,5,"High"
"CB4856","LEVEL.2","RETINOL METABOLISM (79)",79,5,"High"
"CB4856","LEVEL.3","RETINOL METABOLISM (79)",79,5,"High"
"CB4856","LEVEL.4","RETINOL METABOLISM (79)",79,5,"High"
"CB4856","LEVEL.2","UGT ENZYME (67)",67,5,"High"
"CB4856","LEVEL.3","UGT ENZYME (67)",67,5,"High"
"CB4856","LEVEL.4","UGT ENZYME (67)",67,5,"High"
"CB4856","LEVEL.2","ASCAROSIDE BIOSYNTHESIS (12)",12,5,"Moderate"
"CB4856","LEVEL.3","ASCAROSIDE BIOSYNTHESIS (12)",12,5,"Moderate"
"CB4856","LEVEL.4","ASCAROSIDE BIOSYNTHESIS (12)",12,5,"Moderate"
"CB4856","LEVEL.3","ETC-COMPLEX I (40)",40,5,"Moderate"
"CB4856","LEVEL.4","ETC-COMPLEX I (40)",40,5,"Moderate"
"CB4856","LEVEL.3","GLYCINE AND THREONINE METABOLISM (20)",20,5,"Moderate"
"CB4856","LEVEL.2","PENTOSE PHOSPHATE PATHWAY (19)",19,5,"Moderate"
"CB4856","LEVEL.3","PENTOSE PHOSPHATE PATHWAY (19)",19,5,"Moderate"
"CB4856","LEVEL.4","PENTOSE PHOSPHATE PATHWAY (19)",19,5,"Moderate"
"CB4856","LEVEL.2","PYRIMIDINE METABOLISM (42)",42,5,"Moderate"
"CB4856","LEVEL.3","PYRIMIDINE METABOLISM (42)",42,5,"Moderate"
"CB4856","LEVEL.4","PYRIMIDINE METABOLISM (42)",42,5,"Moderate"
"CB4856","LEVEL.3","ETC-COMPLEX III (13)",13,4,"Moderate"
"CB4856","LEVEL.4","ETC-COMPLEX III (13)",13,4,"Moderate"
"CB4856","LEVEL.3","FATTY ACID DEGRADATION OTHER (8)",8,4,"Moderate"
"CB4856","LEVEL.4","FATTY ACID DEGRADATION OTHER (8)",8,4,"Moderate"
"CB4856","LEVEL.3","GLUTAMATE/GLUTAMINE METABOLISM (21)",21,4,"Moderate"
"CB4856","LEVEL.4","GLUTAMATE/GLUTAMINE METABOLISM (21)",21,4,"Moderate"
"CB4856","LEVEL.4","GLYCINE AND THREONINE METABOLISM OTHER (15)",15,4,"Moderate"
"CB4856","LEVEL.2","HISTIDINE DEGRADATION (9)",9,4,"Moderate"
"CB4856","LEVEL.3","HISTIDINE DEGRADATION (9)",9,4,"Moderate"
"CB4856","LEVEL.4","HISTIDINE DEGRADATION (9)",9,4,"Moderate"
"CB4856","LEVEL.1","ONE CARBON CYCLE (28)",28,4,"Moderate"
"CB4856","LEVEL.2","SULFUR METABOLISM (22)",22,4,"Moderate"
"CB4856","LEVEL.3","SULFUR METABOLISM (22)",22,4,"Moderate"
"CB4856","LEVEL.4","SULFUR METABOLISM (22)",22,4,"Moderate"
"CB4856","LEVEL.2","TRICARBOXYLIC ACID CYCLE (30)",30,4,"Moderate"
"CB4856","LEVEL.3","TRICARBOXYLIC ACID CYCLE (30)",30,4,"Moderate"
"CB4856","LEVEL.4","TRICARBOXYLIC ACID CYCLE (30)",30,4,"Moderate"
"CB4856","LEVEL.1","AMINO ACIDS (210)",210,3,"High"
"CB4856","LEVEL.1","LIPIDS (293)",293,3,"High"
"CB4856","LEVEL.3","ASPARTATE/ASPARAGINE METABOLISM (13)",13,3,"Moderate"
"CB4856","LEVEL.4","ASPARTATE/ASPARAGINE METABOLISM (13)",13,3,"Moderate"
"CB4856","LEVEL.3","FRUCTOSE AND MANNOSE METABOLISM (19)",19,3,"Moderate"
"CB4856","LEVEL.4","FRUCTOSE AND MANNOSE METABOLISM (19)",19,3,"Moderate"
"CB4856","LEVEL.2","KETONE BODY METABOLISM (14)",14,3,"Moderate"
"CB4856","LEVEL.3","KETONE BODY METABOLISM (14)",14,3,"Moderate"
"CB4856","LEVEL.4","KETONE BODY METABOLISM (14)",14,3,"Moderate"
"CB4856","LEVEL.3","LEUCINE DEGRADATION (12)",12,3,"Moderate"
"CB4856","LEVEL.4","LEUCINE DEGRADATION (12)",12,3,"Moderate"
"CB4856","LEVEL.2","LYSINE DEGRADATION (16)",16,3,"Moderate"
"CB4856","LEVEL.3","LYSINE DEGRADATION (16)",16,3,"Moderate"
"CB4856","LEVEL.4","LYSINE DEGRADATION (16)",16,3,"Moderate"
"CB4856","LEVEL.2","MET/SAM CYCLE (13)",13,3,"Moderate"
"CB4856","LEVEL.3","MET/SAM CYCLE (13)",13,3,"Moderate"
"CB4856","LEVEL.4","MET/SAM CYCLE (13)",13,3,"Moderate"
"CB4856","LEVEL.3","METHIONINE METABOLISM (13)",13,3,"Moderate"
"CB4856","LEVEL.4","METHIONINE SALVAGE (13)",13,3,"Moderate"
"CB4856","LEVEL.2","METHYLGLYOXAL DETOXIFICATION (7)",7,3,"Moderate"
"CB4856","LEVEL.3","METHYLGLYOXAL DETOXIFICATION (7)",7,3,"Moderate"
"CB4856","LEVEL.4","METHYLGLYOXAL DETOXIFICATION (7)",7,3,"Moderate"
"CB4856","LEVEL.4","MUFA BIOSYNTHESIS (15)",15,3,"Moderate"
"CB4856","LEVEL.3","PROPIONATE DEGRADATION (21)",21,3,"Moderate"
"CB4856","LEVEL.4","PROPIONATE DEGRADATION OTHER (12)",12,3,"Moderate"
"CB4856","LEVEL.3","SERINE METABOLISM (16)",16,3,"Moderate"
"CB4856","LEVEL.4","SERINE METABOLISM (16)",16,3,"Moderate"
"CB4856","LEVEL.2","SHORT CHAIN FATTY ACID DEGRADATION (21)",21,3,"Moderate"
"CB4856","LEVEL.2","TAURINE AND HYPOTAURINE METABOLISM (7)",7,3,"Moderate"
"CB4856","LEVEL.3","TAURINE AND HYPOTAURINE METABOLISM (7)",7,3,"Moderate"
"CB4856","LEVEL.4","TAURINE AND HYPOTAURINE METABOLISM (7)",7,3,"Moderate"
"CB4856","LEVEL.2","VACUOLAR ATP-ASE (20)",20,3,"Moderate"
"CB4856","LEVEL.3","VACUOLAR ATP-ASE (20)",20,3,"Moderate"
"CB4856","LEVEL.4","VACUOLAR ATP-ASE (20)",20,3,"Moderate"
"CB4856","LEVEL.1","ENERGY (136)",136,2,"High"
"CB4856","LEVEL.3","ALANINE METABOLISM (12)",12,2,"Moderate"
"CB4856","LEVEL.4","ALANINE METABOLISM (12)",12,2,"Moderate"
"CB4856","LEVEL.3","ETC-COMPLEX IV (14)",14,2,"Moderate"
"CB4856","LEVEL.4","ETC-COMPLEX IV (14)",14,2,"Moderate"
"CB4856","LEVEL.3","ETC-COMPLEX V (18)",18,2,"Moderate"
"CB4856","LEVEL.4","ETC-COMPLEX V (18)",18,2,"Moderate"
"CB4856","LEVEL.2","FOLATE BIOSYNTHESIS (8)",8,2,"Moderate"
"CB4856","LEVEL.3","FOLATE BIOSYNTHESIS (8)",8,2,"Moderate"
"CB4856","LEVEL.4","FOLATE BIOSYNTHESIS (8)",8,2,"Moderate"
"CB4856","LEVEL.2","MEVALONATE METABOLISM (8)",8,2,"Moderate"
"CB4856","LEVEL.3","MEVALONATE METABOLISM (8)",8,2,"Moderate"
"CB4856","LEVEL.4","MEVALONATE METABOLISM (8)",8,2,"Moderate"
"CB4856","LEVEL.2","PANTOTHENATE AND COA BIOSYNTHESIS (6)",6,2,"Moderate"
"CB4856","LEVEL.3","PANTOTHENATE AND COA BIOSYNTHESIS (6)",6,2,"Moderate"
"CB4856","LEVEL.4","PANTOTHENATE AND COA BIOSYNTHESIS (6)",6,2,"Moderate"
"CB4856","LEVEL.4","PUFA BIOSYNTHESIS (9)",9,2,"Moderate"
"CB4856","LEVEL.2","ALA, ASP/ASN AND GLU/GLN METABOLISM (39)",39,1,"High"
"CB4856","LEVEL.2","ARG AND PRO METABOLISM (33)",33,1,"High"
"CB4856","LEVEL.3","ARGININE METABOLISM (23)",23,1,"High"
"CB4856","LEVEL.4","ARGININE METABOLISM (23)",23,1,"High"
"CB4856","LEVEL.3","ASPARTATE/ASPARAGINE METABOLISM (13)",13,1,"High"
"CB4856","LEVEL.4","ASPARTATE/ASPARAGINE METABOLISM (13)",13,1,"High"
"CB4856","LEVEL.2","CYS AND MET METABOLISM (51)",51,1,"High"
"CB4856","LEVEL.3","CYSTEINE METABOLISM (38)",38,1,"High"
"CB4856","LEVEL.4","CYSTEINE METABOLISM (38)",38,1,"High"
"CB4856","LEVEL.2","ELECTRON TRANSPORT CHAIN (88)",88,1,"High"
"CB4856","LEVEL.3","ETC-COMPLEX I (40)",40,1,"High"
"CB4856","LEVEL.4","ETC-COMPLEX I (40)",40,1,"High"
"CB4856","LEVEL.2","ETHER LIPID METABOLISM (30)",30,1,"High"
"CB4856","LEVEL.3","ETHER LIPID METABOLISM (30)",30,1,"High"
"CB4856","LEVEL.4","ETHER LIPID METABOLISM (30)",30,1,"High"
"CB4856","LEVEL.2","FATTY ACID BIOSYNTHESIS (43)",43,1,"High"
"CB4856","LEVEL.3","FATTY ACID BIOSYNTHESIS (43)",43,1,"High"
"CB4856","LEVEL.4","FATTY ACID BIOSYNTHESIS OTHER (25)",25,1,"High"
"CB4856","LEVEL.3","GALACTOSE METABOLISM (10)",10,1,"High"
"CB4856","LEVEL.4","GALACTOSE METABOLISM (10)",10,1,"High"
"CB4856","LEVEL.2","GLYCEROPHOSPHOLIPID METABOLISM (93)",93,1,"High"
"CB4856","LEVEL.3","GLYCEROPHOSPHOLIPID METABOLISM (93)",93,1,"High"
"CB4856","LEVEL.4","GLYCEROPHOSPHOLIPID METABOLISM (93)",93,1,"High"
"CB4856","LEVEL.2","GUANYLATE CYCLASE (27)",27,1,"High"
"CB4856","LEVEL.3","GUANYLATE CYCLASE (27)",27,1,"High"
"CB4856","LEVEL.4","GUANYLATE CYCLASE (27)",27,1,"High"
"CB4856","LEVEL.2","IRON METABOLISM (9)",9,1,"High"
"CB4856","LEVEL.3","IRON METABOLISM (9)",9,1,"High"
"CB4856","LEVEL.4","IRON METABOLISM (9)",9,1,"High"
"CB4856","LEVEL.2","RIBOFLAVIN METABOLISM (26)",26,1,"High"
"CB4856","LEVEL.3","RIBOFLAVIN METABOLISM (26)",26,1,"High"
"CB4856","LEVEL.4","RIBOFLAVIN METABOLISM (26)",26,1,"High"
"CB4856","LEVEL.3","STARCH AND SUCROSE METABOLISM (27)",27,1,"High"
"CB4856","LEVEL.4","STARCH AND SUCROSE METABOLISM (27)",27,1,"High"
"CB4856","LEVEL.2","SUGARS (86)",86,1,"High"
"CB4856","LEVEL.2","SULFUR METABOLISM (22)",22,1,"High"
"CB4856","LEVEL.3","SULFUR METABOLISM (22)",22,1,"High"
"CB4856","LEVEL.4","SULFUR METABOLISM (22)",22,1,"High"
"CB4856","LEVEL.4","BCFA BIOSYNTHESIS (6)",6,1,"Moderate"
"CB4856","LEVEL.2","CHITIN BIOSYNTHESIS (2)",2,1,"Moderate"
"CB4856","LEVEL.3","CHITIN BIOSYNTHESIS (2)",2,1,"Moderate"
"CB4856","LEVEL.4","CHITIN BIOSYNTHESIS (2)",2,1,"Moderate"
"CB4856","LEVEL.2","ELECTRON TRANSFER FLAVOPROTEIN (3)",3,1,"Moderate"
"CB4856","LEVEL.3","ELECTRON TRANSFER FLAVOPROTEIN (3)",3,1,"Moderate"
"CB4856","LEVEL.4","ELECTRON TRANSFER FLAVOPROTEIN (3)",3,1,"Moderate"
"CB4856","LEVEL.2","FOLATE CYCLE (17)",17,1,"Moderate"
"CB4856","LEVEL.3","FOLATE CYCLE (17)",17,1,"Moderate"
"CB4856","LEVEL.4","FOLATE CYCLE (17)",17,1,"Moderate"
"CB4856","LEVEL.4","GLYCINE CLEAVAGE SYSTEM (5)",5,1,"Moderate"
"CB4856","LEVEL.3","GLYOXYLATE AND DICARBOXYLATE METABOLISM (5)",5,1,"Moderate"
"CB4856","LEVEL.4","GLYOXYLATE AND DICARBOXYLATE METABOLISM (5)",5,1,"Moderate"
"CB4856","LEVEL.2","IRON METABOLISM (9)",9,1,"Moderate"
"CB4856","LEVEL.3","IRON METABOLISM (9)",9,1,"Moderate"
"CB4856","LEVEL.4","IRON METABOLISM (9)",9,1,"Moderate"
"CB4856","LEVEL.2","MOLYBDENUM COFACTOR BIOSYNTHESIS (9)",9,1,"Moderate"
"CB4856","LEVEL.3","MOLYBDENUM COFACTOR BIOSYNTHESIS (9)",9,1,"Moderate"
"CB4856","LEVEL.4","MOLYBDENUM COFACTOR BIOSYNTHESIS (9)",9,1,"Moderate"
"CB4856","LEVEL.2","PHENYLALANINE DEGRADATION (10)",10,1,"Moderate"
"CB4856","LEVEL.3","PHENYLALANINE DEGRADATION (10)",10,1,"Moderate"
"CB4856","LEVEL.4","PHENYLALANINE DEGRADATION (10)",10,1,"Moderate"
"CB4856","LEVEL.2","ROS METABOLISM (13)",13,1,"Moderate"
"CB4856","LEVEL.3","ROS METABOLISM (13)",13,1,"Moderate"
"CB4856","LEVEL.4","ROS METABOLISM (13)",13,1,"Moderate"
"CB4856","LEVEL.3","STEROID METABOLISM OTHER (2)",2,1,"Moderate"
"CB4856","LEVEL.4","STEROID METABOLISM OTHER (2)",2,1,"Moderate"
"CB4856","LEVEL.2","UBIQUINONE METABOLISM (11)",11,1,"Moderate"
"CB4856","LEVEL.3","UBIQUINONE METABOLISM (11)",11,1,"Moderate"
"CB4856","LEVEL.4","UBIQUINONE METABOLISM (11)",11,1,"Moderate"
"CB4856","LEVEL.2","VITAMIN B12 METABOLISM (3)",3,1,"Moderate"
"CB4856","LEVEL.3","VITAMIN B12 METABOLISM (3)",3,1,"Moderate"
"CB4856","LEVEL.4","VITAMIN B12 METABOLISM (3)",3,1,"Moderate"
"DL238","LEVEL.1","CARBOHYDRATES (269)",269,100,"Moderate"
"DL238","LEVEL.1","LIPIDS (293)",293,88,"Moderate"
"DL238","LEVEL.1","COFACTORS AND VITAMINS (167)",167,54,"Moderate"
"DL238","LEVEL.1","AMINO ACIDS (210)",210,51,"Moderate"
"DL238","LEVEL.2","SUGARS (86)",86,34,"Moderate"
"DL238","LEVEL.2","RETINOL METABOLISM (79)",79,31,"Moderate"
"DL238","LEVEL.3","RETINOL METABOLISM (79)",79,31,"Moderate"
"DL238","LEVEL.4","RETINOL METABOLISM (79)",79,31,"Moderate"
"DL238","LEVEL.2","AMINO SUGAR AND NUCLEOTIDE SUGAR METABOLISM (64)",64,27,"Moderate"
"DL238","LEVEL.3","AMINO SUGAR AND NUCLEOTIDE SUGAR METABOLISM (64)",64,27,"Moderate"
"DL238","LEVEL.4","AMINO SUGAR AND NUCLEOTIDE SUGAR METABOLISM (64)",64,27,"Moderate"
"DL238","LEVEL.2","PENTOSE AND GLUCURONATE INTERCONVERSIONS (77)",77,27,"Moderate"
"DL238","LEVEL.3","PENTOSE AND GLUCURONATE INTERCONVERSIONS (77)",77,27,"Moderate"
"DL238","LEVEL.4","PENTOSE AND GLUCURONATE INTERCONVERSIONS (77)",77,27,"Moderate"
"DL238","LEVEL.2","PORPHYRIN METABOLISM (70)",70,26,"Moderate"
"DL238","LEVEL.3","PORPHYRIN METABOLISM (70)",70,26,"Moderate"
"DL238","LEVEL.4","PORPHYRIN METABOLISM (70)",70,26,"Moderate"
"DL238","LEVEL.2","UGT ENZYME (67)",67,26,"Moderate"
"DL238","LEVEL.3","UGT ENZYME (67)",67,26,"Moderate"
"DL238","LEVEL.4","UGT ENZYME (67)",67,26,"Moderate"
"DL238","LEVEL.1","ENERGY (136)",136,24,"Moderate"
"DL238","LEVEL.2","GLYCEROPHOSPHOLIPID METABOLISM (93)",93,24,"Moderate"
"DL238","LEVEL.3","GLYCEROPHOSPHOLIPID METABOLISM (93)",93,24,"Moderate"
"DL238","LEVEL.4","GLYCEROPHOSPHOLIPID METABOLISM (93)",93,24,"Moderate"
"DL238","LEVEL.2","FATTY ACID DEGRADATION (57)",57,20,"Moderate"
"DL238","LEVEL.3","N-GLYCAN BIOSYNTHESIS (38)",38,20,"Moderate"
"DL238","LEVEL.4","N-GLYCAN BIOSYNTHESIS (38)",38,20,"Moderate"
"DL238","LEVEL.1","NUCLEOTIDES (80)",80,19,"Moderate"
"DL238","LEVEL.2","SPHINGOLIPID METABOLISM (45)",45,19,"Moderate"
"DL238","LEVEL.3","SPHINGOLIPID METABOLISM (45)",45,19,"Moderate"
"DL238","LEVEL.4","SPHINGOLIPID METABOLISM (45)",45,19,"Moderate"
"DL238","LEVEL.2","GUANYLATE CYCLASE (27)",27,18,"Moderate"
"DL238","LEVEL.3","GUANYLATE CYCLASE (27)",27,18,"Moderate"
"DL238","LEVEL.4","GUANYLATE CYCLASE (27)",27,18,"Moderate"
"DL238","LEVEL.2","GLYCEROLIPID METABOLISM (39)",39,17,"Moderate"
"DL238","LEVEL.3","GLYCEROLIPID METABOLISM (39)",39,17,"Moderate"
"DL238","LEVEL.4","GLYCEROLIPID METABOLISM (39)",39,17,"Moderate"
"DL238","LEVEL.2","CHITIN DEGRADATION (34)",34,15,"Moderate"
"DL238","LEVEL.3","CHITIN DEGRADATION (34)",34,15,"Moderate"
"DL238","LEVEL.4","CHITIN DEGRADATION (34)",34,15,"Moderate"
"DL238","LEVEL.2","ELECTRON TRANSPORT CHAIN (88)",88,13,"Moderate"
"DL238","LEVEL.2","FATTY ACID BIOSYNTHESIS (43)",43,13,"Moderate"
"DL238","LEVEL.3","FATTY ACID BIOSYNTHESIS (43)",43,13,"Moderate"
"DL238","LEVEL.2","GLYCOLYSIS/GLUCONEOGENESIS (46)",46,13,"Moderate"
"DL238","LEVEL.3","GLYCOLYSIS/GLUCONEOGENESIS (46)",46,13,"Moderate"
"DL238","LEVEL.4","GLYCOLYSIS/GLUCONEOGENESIS (46)",46,13,"Moderate"
"DL238","LEVEL.2","AMINOACYL-TRNA BIOSYNTHESIS (39)",39,12,"Moderate"
"DL238","LEVEL.3","AMINOACYL-TRNA BIOSYNTHESIS (39)",39,12,"Moderate"
"DL238","LEVEL.4","AMINOACYL-TRNA BIOSYNTHESIS (39)",39,12,"Moderate"
"DL238","LEVEL.2","ARG AND PRO METABOLISM (33)",33,12,"Moderate"
"DL238","LEVEL.3","BIOSYNTHESIS OF BILE ACID-LIKE MOLECULES (33)",33,12,"Moderate"
"DL238","LEVEL.4","BIOSYNTHESIS OF BILE ACID-LIKE MOLECULES (33)",33,12,"Moderate"
"DL238","LEVEL.2","PURINE METABOLISM (55)",55,12,"Moderate"
"DL238","LEVEL.3","PURINE METABOLISM (55)",55,12,"Moderate"
"DL238","LEVEL.4","PURINE METABOLISM (55)",55,12,"Moderate"
"DL238","LEVEL.2","STEROID METABOLISM (35)",35,12,"Moderate"
"DL238","LEVEL.2","INOSITOL PHOSPHATE METABOLISM (35)",35,11,"Moderate"
"DL238","LEVEL.3","INOSITOL PHOSPHATE METABOLISM (35)",35,11,"Moderate"
"DL238","LEVEL.4","INOSITOL PHOSPHATE METABOLISM (35)",35,11,"Moderate"
"DL238","LEVEL.3","MITOCHONDRIAL FATTY ACID DEGRADATION (37)",37,11,"Moderate"
"DL238","LEVEL.4","MITOCHONDRIAL FATTY ACID DEGRADATION (37)",37,11,"Moderate"
"DL238","LEVEL.2","NICOTINATE AND NICOTINAMIDE METABOLISM (25)",25,11,"Moderate"
"DL238","LEVEL.3","NICOTINATE AND NICOTINAMIDE METABOLISM (25)",25,11,"Moderate"
"DL238","LEVEL.4","NICOTINATE AND NICOTINAMIDE METABOLISM (25)",25,11,"Moderate"
"DL238","LEVEL.1","OTHER AMINO ACIDS (27)",27,11,"Moderate"
"DL238","LEVEL.2","TRYPTOPHAN DEGRADATION (30)",30,11,"Moderate"
"DL238","LEVEL.3","TRYPTOPHAN DEGRADATION (30)",30,11,"Moderate"
"DL238","LEVEL.4","TRYPTOPHAN DEGRADATION (30)",30,11,"Moderate"
"DL238","LEVEL.2","CYS AND MET METABOLISM (51)",51,10,"Moderate"
"DL238","LEVEL.3","CYSTEINE METABOLISM (38)",38,10,"Moderate"
"DL238","LEVEL.4","CYSTEINE METABOLISM (38)",38,10,"Moderate"
"DL238","LEVEL.3","ETC-COMPLEX I (40)",40,10,"Moderate"
"DL238","LEVEL.4","ETC-COMPLEX I (40)",40,10,"Moderate"
"DL238","LEVEL.4","FATTY ACID BIOSYNTHESIS OTHER (25)",25,10,"Moderate"
"DL238","LEVEL.1","REACTIVE OXYGEN SPECIES (36)",36,10,"Moderate"
"DL238","LEVEL.3","ARGININE METABOLISM (23)",23,9,"Moderate"
"DL238","LEVEL.4","ARGININE METABOLISM (23)",23,9,"Moderate"
"DL238","LEVEL.2","SELENOCOMPOUND METABOLISM (20)",20,9,"Moderate"
"DL238","LEVEL.3","SELENOCOMPOUND METABOLISM (20)",20,9,"Moderate"
"DL238","LEVEL.4","SELENOCOMPOUND METABOLISM (20)",20,9,"Moderate"
"DL238","LEVEL.2","ALA, ASP/ASN AND GLU/GLN METABOLISM (39)",39,8,"Moderate"
"DL238","LEVEL.2","BRANCHED-CHAIN AMINO ACID DEGRADATION (37)",37,8,"Moderate"
"DL238","LEVEL.2","COLLAGEN BIOSYNTHESIS (18)",18,8,"Moderate"
"DL238","LEVEL.3","COLLAGEN BIOSYNTHESIS (18)",18,8,"Moderate"
"DL238","LEVEL.4","COLLAGEN BIOSYNTHESIS (18)",18,8,"Moderate"
"DL238","LEVEL.2","GLUTATHIONE METABOLISM (24)",24,8,"Moderate"
"DL238","LEVEL.3","GLUTATHIONE METABOLISM (24)",24,8,"Moderate"
"DL238","LEVEL.4","GLUTATHIONE METABOLISM (24)",24,8,"Moderate"
"DL238","LEVEL.2","GLY, SER AND THR METABOLISM (32)",32,8,"Moderate"
"DL238","LEVEL.2","PYRIMIDINE METABOLISM (42)",42,8,"Moderate"
"DL238","LEVEL.3","PYRIMIDINE METABOLISM (42)",42,8,"Moderate"
"DL238","LEVEL.4","PYRIMIDINE METABOLISM (42)",42,8,"Moderate"
"DL238","LEVEL.3","STARCH AND SUCROSE METABOLISM (27)",27,8,"Moderate"
"DL238","LEVEL.4","STARCH AND SUCROSE METABOLISM (27)",27,8,"Moderate"
"DL238","LEVEL.1","CARBOHYDRATES (269)",269,7,"High"
"DL238","LEVEL.1","COFACTORS AND VITAMINS (167)",167,7,"High"
"DL238","LEVEL.2","ETHER LIPID METABOLISM (30)",30,7,"Moderate"
"DL238","LEVEL.3","ETHER LIPID METABOLISM (30)",30,7,"Moderate"
"DL238","LEVEL.4","ETHER LIPID METABOLISM (30)",30,7,"Moderate"
"DL238","LEVEL.2","ORGANIC ACIDS (21)",21,7,"Moderate"
"DL238","LEVEL.2","ASCAROSIDE BIOSYNTHESIS (12)",12,6,"Moderate"
"DL238","LEVEL.3","ASCAROSIDE BIOSYNTHESIS (12)",12,6,"Moderate"
"DL238","LEVEL.4","ASCAROSIDE BIOSYNTHESIS (12)",12,6,"Moderate"
"DL238","LEVEL.3","GALACTOSE METABOLISM (10)",10,6,"Moderate"
"DL238","LEVEL.4","GALACTOSE METABOLISM (10)",10,6,"Moderate"
"DL238","LEVEL.2","LYSINE DEGRADATION (16)",16,6,"Moderate"
"DL238","LEVEL.3","LYSINE DEGRADATION (16)",16,6,"Moderate"
"DL238","LEVEL.4","LYSINE DEGRADATION (16)",16,6,"Moderate"
"DL238","LEVEL.3","PEROXISOMAL FATTY ACID DEGRADATION (12)",12,6,"Moderate"
"DL238","LEVEL.4","PEROXISOMAL FATTY ACID DEGRADATION (12)",12,6,"Moderate"
"DL238","LEVEL.2","TYROSINE METABOLISM (24)",24,6,"Moderate"
"DL238","LEVEL.3","TYROSINE METABOLISM (24)",24,6,"Moderate"
"DL238","LEVEL.4","TYROSINE METABOLISM (24)",24,6,"Moderate"
"DL238","LEVEL.3","VALINE DEGRADATION (29)",29,6,"Moderate"
"DL238","LEVEL.4","VALINE DEGRADATION (29)",29,6,"Moderate"
"DL238","LEVEL.1","AMINO ACIDS (210)",210,5,"High"
"DL238","LEVEL.3","GLYCINE AND THREONINE METABOLISM (20)",20,5,"Moderate"
"DL238","LEVEL.4","GLYCINE AND THREONINE METABOLISM OTHER (15)",15,5,"Moderate"
"DL238","LEVEL.3","PYRUVATE METABOLISM (16)",16,5,"Moderate"
"DL238","LEVEL.4","PYRUVATE METABOLISM (16)",16,5,"Moderate"
"DL238","LEVEL.2","SULFUR METABOLISM (22)",22,5,"Moderate"
"DL238","LEVEL.3","SULFUR METABOLISM (22)",22,5,"Moderate"
"DL238","LEVEL.4","SULFUR METABOLISM (22)",22,5,"Moderate"
"DL238","LEVEL.2","TRICARBOXYLIC ACID CYCLE (30)",30,5,"Moderate"
"DL238","LEVEL.3","TRICARBOXYLIC ACID CYCLE (30)",30,5,"Moderate"
"DL238","LEVEL.4","TRICARBOXYLIC ACID CYCLE (30)",30,5,"Moderate"
"DL238","LEVEL.2","RETINOL METABOLISM (79)",79,4,"High"
"DL238","LEVEL.3","RETINOL METABOLISM (79)",79,4,"High"
"DL238","LEVEL.4","RETINOL METABOLISM (79)",79,4,"High"
"DL238","LEVEL.3","ASPARTATE/ASPARAGINE METABOLISM (13)",13,4,"Moderate"
"DL238","LEVEL.4","ASPARTATE/ASPARAGINE METABOLISM (13)",13,4,"Moderate"
"DL238","LEVEL.3","ISOLEUCINE DEGRADATION (26)",26,4,"Moderate"
"DL238","LEVEL.4","ISOLEUCINE DEGRADATION (26)",26,4,"Moderate"
"DL238","LEVEL.2","KETONE BODY METABOLISM (14)",14,4,"Moderate"
"DL238","LEVEL.3","KETONE BODY METABOLISM (14)",14,4,"Moderate"
"DL238","LEVEL.4","KETONE BODY METABOLISM (14)",14,4,"Moderate"
"DL238","LEVEL.3","PROLINE METABOLISM (14)",14,4,"Moderate"
"DL238","LEVEL.4","PROLINE METABOLISM (14)",14,4,"Moderate"
"DL238","LEVEL.2","RIBOFLAVIN METABOLISM (26)",26,4,"Moderate"
"DL238","LEVEL.3","RIBOFLAVIN METABOLISM (26)",26,4,"Moderate"
"DL238","LEVEL.4","RIBOFLAVIN METABOLISM (26)",26,4,"Moderate"
"DL238","LEVEL.3","SERINE METABOLISM (16)",16,4,"Moderate"
"DL238","LEVEL.4","SERINE METABOLISM (16)",16,4,"Moderate"
"DL238","LEVEL.2","UBIQUINONE METABOLISM (11)",11,4,"Moderate"
"DL238","LEVEL.3","UBIQUINONE METABOLISM (11)",11,4,"Moderate"
"DL238","LEVEL.4","UBIQUINONE METABOLISM (11)",11,4,"Moderate"
"DL238","LEVEL.2","PENTOSE AND GLUCURONATE INTERCONVERSIONS (77)",77,3,"High"
"DL238","LEVEL.3","PENTOSE AND GLUCURONATE INTERCONVERSIONS (77)",77,3,"High"
"DL238","LEVEL.4","PENTOSE AND GLUCURONATE INTERCONVERSIONS (77)",77,3,"High"
"DL238","LEVEL.2","PORPHYRIN METABOLISM (70)",70,3,"High"
"DL238","LEVEL.3","PORPHYRIN METABOLISM (70)",70,3,"High"
"DL238","LEVEL.4","PORPHYRIN METABOLISM (70)",70,3,"High"
"DL238","LEVEL.2","UGT ENZYME (67)",67,3,"High"
"DL238","LEVEL.3","UGT ENZYME (67)",67,3,"High"
"DL238","LEVEL.4","UGT ENZYME (67)",67,3,"High"
"DL238","LEVEL.3","FATTY ACID DEGRADATION OTHER (8)",8,3,"Moderate"
"DL238","LEVEL.4","FATTY ACID DEGRADATION OTHER (8)",8,3,"Moderate"
"DL238","LEVEL.3","FRUCTOSE AND MANNOSE METABOLISM (19)",19,3,"Moderate"
"DL238","LEVEL.4","FRUCTOSE AND MANNOSE METABOLISM (19)",19,3,"Moderate"
"DL238","LEVEL.2","HISTIDINE DEGRADATION (9)",9,3,"Moderate"
"DL238","LEVEL.3","HISTIDINE DEGRADATION (9)",9,3,"Moderate"
"DL238","LEVEL.4","HISTIDINE DEGRADATION (9)",9,3,"Moderate"
"DL238","LEVEL.2","METHYLGLYOXAL DETOXIFICATION (7)",7,3,"Moderate"
"DL238","LEVEL.3","METHYLGLYOXAL DETOXIFICATION (7)",7,3,"Moderate"
"DL238","LEVEL.4","METHYLGLYOXAL DETOXIFICATION (7)",7,3,"Moderate"
"DL238","LEVEL.2","PENTOSE PHOSPHATE PATHWAY (19)",19,3,"Moderate"
"DL238","LEVEL.3","PENTOSE PHOSPHATE PATHWAY (19)",19,3,"Moderate"
"DL238","LEVEL.4","PENTOSE PHOSPHATE PATHWAY (19)",19,3,"Moderate"
"DL238","LEVEL.3","PROPIONATE DEGRADATION (21)",21,3,"Moderate"
"DL238","LEVEL.2","SHORT CHAIN FATTY ACID DEGRADATION (21)",21,3,"Moderate"
"DL238","LEVEL.2","AMINO SUGAR AND NUCLEOTIDE SUGAR METABOLISM (64)",64,2,"High"
"DL238","LEVEL.3","AMINO SUGAR AND NUCLEOTIDE SUGAR METABOLISM (64)",64,2,"High"
"DL238","LEVEL.4","AMINO SUGAR AND NUCLEOTIDE SUGAR METABOLISM (64)",64,2,"High"
"DL238","LEVEL.2","CHITIN DEGRADATION (34)",34,2,"High"
"DL238","LEVEL.3","CHITIN DEGRADATION (34)",34,2,"High"
"DL238","LEVEL.4","CHITIN DEGRADATION (34)",34,2,"High"
"DL238","LEVEL.1","ENERGY (136)",136,2,"High"
"DL238","LEVEL.2","GUANYLATE CYCLASE (27)",27,2,"High"
"DL238","LEVEL.3","GUANYLATE CYCLASE (27)",27,2,"High"
"DL238","LEVEL.4","GUANYLATE CYCLASE (27)",27,2,"High"
"DL238","LEVEL.1","LIPIDS (293)",293,2,"High"
"DL238","LEVEL.2","NICOTINATE AND NICOTINAMIDE METABOLISM (25)",25,2,"High"
"DL238","LEVEL.3","NICOTINATE AND NICOTINAMIDE METABOLISM (25)",25,2,"High"
"DL238","LEVEL.4","NICOTINATE AND NICOTINAMIDE METABOLISM (25)",25,2,"High"
"DL238","LEVEL.2","TRYPTOPHAN DEGRADATION (30)",30,2,"High"
"DL238","LEVEL.3","TRYPTOPHAN DEGRADATION (30)",30,2,"High"
"DL238","LEVEL.4","TRYPTOPHAN DEGRADATION (30)",30,2,"High"
"DL238","LEVEL.3","ALANINE METABOLISM (12)",12,2,"Moderate"
"DL238","LEVEL.4","ALANINE METABOLISM (12)",12,2,"Moderate"
"DL238","LEVEL.2","CHITIN BIOSYNTHESIS (2)",2,2,"Moderate"
"DL238","LEVEL.3","CHITIN BIOSYNTHESIS (2)",2,2,"Moderate"
"DL238","LEVEL.4","CHITIN BIOSYNTHESIS (2)",2,2,"Moderate"
"DL238","LEVEL.3","ETC-COMPLEX V (18)",18,2,"Moderate"
"DL238","LEVEL.4","ETC-COMPLEX V (18)",18,2,"Moderate"
"DL238","LEVEL.3","GLUTAMATE/GLUTAMINE METABOLISM (21)",21,2,"Moderate"
"DL238","LEVEL.4","GLUTAMATE/GLUTAMINE METABOLISM (21)",21,2,"Moderate"
"DL238","LEVEL.3","GLYOXYLATE AND DICARBOXYLATE METABOLISM (5)",5,2,"Moderate"
"DL238","LEVEL.4","GLYOXYLATE AND DICARBOXYLATE METABOLISM (5)",5,2,"Moderate"
"DL238","LEVEL.3","LEUCINE DEGRADATION (12)",12,2,"Moderate"
"DL238","LEVEL.4","LEUCINE DEGRADATION (12)",12,2,"Moderate"
"DL238","LEVEL.2","MET/SAM CYCLE (13)",13,2,"Moderate"
"DL238","LEVEL.3","MET/SAM CYCLE (13)",13,2,"Moderate"
"DL238","LEVEL.4","MET/SAM CYCLE (13)",13,2,"Moderate"
"DL238","LEVEL.2","MOLYBDENUM COFACTOR BIOSYNTHESIS (9)",9,2,"Moderate"
"DL238","LEVEL.3","MOLYBDENUM COFACTOR BIOSYNTHESIS (9)",9,2,"Moderate"
"DL238","LEVEL.4","MOLYBDENUM COFACTOR BIOSYNTHESIS (9)",9,2,"Moderate"
"DL238","LEVEL.4","MUFA BIOSYNTHESIS (15)",15,2,"Moderate"
"DL238","LEVEL.1","ONE CARBON CYCLE (28)",28,2,"Moderate"
"DL238","LEVEL.2","PHENYLALANINE DEGRADATION (10)",10,2,"Moderate"
"DL238","LEVEL.3","PHENYLALANINE DEGRADATION (10)",10,2,"Moderate"
"DL238","LEVEL.4","PHENYLALANINE DEGRADATION (10)",10,2,"Moderate"
"DL238","LEVEL.4","PROPIONATE DEGRADATION SHUNT (5)",5,2,"Moderate"
"DL238","LEVEL.4","PUFA BIOSYNTHESIS (9)",9,2,"Moderate"
"DL238","LEVEL.2","ROS METABOLISM (13)",13,2,"Moderate"
"DL238","LEVEL.3","ROS METABOLISM (13)",13,2,"Moderate"
"DL238","LEVEL.4","ROS METABOLISM (13)",13,2,"Moderate"
"DL238","LEVEL.2","TAURINE AND HYPOTAURINE METABOLISM (7)",7,2,"Moderate"
"DL238","LEVEL.3","TAURINE AND HYPOTAURINE METABOLISM (7)",7,2,"Moderate"
"DL238","LEVEL.4","TAURINE AND HYPOTAURINE METABOLISM (7)",7,2,"Moderate"
"DL238","LEVEL.2","VACUOLAR ATP-ASE (20)",20,2,"Moderate"
"DL238","LEVEL.3","VACUOLAR ATP-ASE (20)",20,2,"Moderate"
"DL238","LEVEL.4","VACUOLAR ATP-ASE (20)",20,2,"Moderate"
"DL238","LEVEL.2","ALA, ASP/ASN AND GLU/GLN METABOLISM (39)",39,1,"High"
"DL238","LEVEL.2","ARG AND PRO METABOLISM (33)",33,1,"High"
"DL238","LEVEL.3","ARGININE METABOLISM (23)",23,1,"High"
"DL238","LEVEL.4","ARGININE METABOLISM (23)",23,1,"High"
"DL238","LEVEL.3","ASPARTATE/ASPARAGINE METABOLISM (13)",13,1,"High"
"DL238","LEVEL.4","ASPARTATE/ASPARAGINE METABOLISM (13)",13,1,"High"
"DL238","LEVEL.2","CYS AND MET METABOLISM (51)",51,1,"High"
"DL238","LEVEL.3","CYSTEINE METABOLISM (38)",38,1,"High"
"DL238","LEVEL.4","CYSTEINE METABOLISM (38)",38,1,"High"
"DL238","LEVEL.2","ELECTRON TRANSPORT CHAIN (88)",88,1,"High"
"DL238","LEVEL.3","ETC-COMPLEX I (40)",40,1,"High"
"DL238","LEVEL.4","ETC-COMPLEX I (40)",40,1,"High"
"DL238","LEVEL.2","ETHER LIPID METABOLISM (30)",30,1,"High"
"DL238","LEVEL.3","ETHER LIPID METABOLISM (30)",30,1,"High"
"DL238","LEVEL.4","ETHER LIPID METABOLISM (30)",30,1,"High"
"DL238","LEVEL.2","FATTY ACID DEGRADATION (57)",57,1,"High"
"DL238","LEVEL.3","GALACTOSE METABOLISM (10)",10,1,"High"
"DL238","LEVEL.4","GALACTOSE METABOLISM (10)",10,1,"High"
"DL238","LEVEL.2","GLYCOLYSIS/GLUCONEOGENESIS (46)",46,1,"High"
"DL238","LEVEL.3","GLYCOLYSIS/GLUCONEOGENESIS (46)",46,1,"High"
"DL238","LEVEL.4","GLYCOLYSIS/GLUCONEOGENESIS (46)",46,1,"High"
"DL238","LEVEL.2","IRON METABOLISM (9)",9,1,"High"
"DL238","LEVEL.3","IRON METABOLISM (9)",9,1,"High"
"DL238","LEVEL.4","IRON METABOLISM (9)",9,1,"High"
"DL238","LEVEL.2","LYSINE DEGRADATION (16)",16,1,"High"
"DL238","LEVEL.3","LYSINE DEGRADATION (16)",16,1,"High"
"DL238","LEVEL.4","LYSINE DEGRADATION (16)",16,1,"High"
"DL238","LEVEL.3","MITOCHONDRIAL FATTY ACID DEGRADATION (37)",37,1,"High"
"DL238","LEVEL.4","MITOCHONDRIAL FATTY ACID DEGRADATION (37)",37,1,"High"
"DL238","LEVEL.2","PHENYLALANINE DEGRADATION (10)",10,1,"High"
"DL238","LEVEL.3","PHENYLALANINE DEGRADATION (10)",10,1,"High"
"DL238","LEVEL.4","PHENYLALANINE DEGRADATION (10)",10,1,"High"
"DL238","LEVEL.3","PROPIONATE DEGRADATION (21)",21,1,"High"
"DL238","LEVEL.4","PROPIONATE DEGRADATION OTHER (12)",12,1,"High"
"DL238","LEVEL.2","SHORT CHAIN FATTY ACID DEGRADATION (21)",21,1,"High"
"DL238","LEVEL.3","STARCH AND SUCROSE METABOLISM (27)",27,1,"High"
"DL238","LEVEL.4","STARCH AND SUCROSE METABOLISM (27)",27,1,"High"
"DL238","LEVEL.2","SUGARS (86)",86,1,"High"
"DL238","LEVEL.2","SULFUR METABOLISM (22)",22,1,"High"
"DL238","LEVEL.3","SULFUR METABOLISM (22)",22,1,"High"
"DL238","LEVEL.4","SULFUR METABOLISM (22)",22,1,"High"
"DL238","LEVEL.2","ELECTRON TRANSFER FLAVOPROTEIN (3)",3,1,"Moderate"
"DL238","LEVEL.3","ELECTRON TRANSFER FLAVOPROTEIN (3)",3,1,"Moderate"
"DL238","LEVEL.4","ELECTRON TRANSFER FLAVOPROTEIN (3)",3,1,"Moderate"
"DL238","LEVEL.3","ETC-COMPLEX III (13)",13,1,"Moderate"
"DL238","LEVEL.4","ETC-COMPLEX III (13)",13,1,"Moderate"
"DL238","LEVEL.2","FOLATE BIOSYNTHESIS (8)",8,1,"Moderate"
"DL238","LEVEL.3","FOLATE BIOSYNTHESIS (8)",8,1,"Moderate"
"DL238","LEVEL.4","FOLATE BIOSYNTHESIS (8)",8,1,"Moderate"
"DL238","LEVEL.2","IRON METABOLISM (9)",9,1,"Moderate"
"DL238","LEVEL.3","IRON METABOLISM (9)",9,1,"Moderate"
"DL238","LEVEL.4","IRON METABOLISM (9)",9,1,"Moderate"
"DL238","LEVEL.2","MEVALONATE METABOLISM (8)",8,1,"Moderate"
"DL238","LEVEL.3","MEVALONATE METABOLISM (8)",8,1,"Moderate"
"DL238","LEVEL.4","MEVALONATE METABOLISM (8)",8,1,"Moderate"
"DL238","LEVEL.2","PANTOTHENATE AND COA BIOSYNTHESIS (6)",6,1,"Moderate"
"DL238","LEVEL.3","PANTOTHENATE AND COA BIOSYNTHESIS (6)",6,1,"Moderate"
"DL238","LEVEL.4","PANTOTHENATE AND COA BIOSYNTHESIS (6)",6,1,"Moderate"
"DL238","LEVEL.4","PROPIONATE DEGRADATION OTHER (12)",12,1,"Moderate"
"DL238","LEVEL.2","VITAMIN B12 METABOLISM (3)",3,1,"Moderate"
"DL238","LEVEL.3","VITAMIN B12 METABOLISM (3)",3,1,"Moderate"
"DL238","LEVEL.4","VITAMIN B12 METABOLISM (3)",3,1,"Moderate"
